Station ∆,Date,UTC time,Temp. (ºC),Rel. Hum. (%),Pressure/ Geopot.,Wind dir,Wins speed (Km/h),Clouds,Low clouds,Medium clouds,High clouds,Prec. (mm),Max temp. (ºC),Min temp. (ºC),Conditions
ABADAN,19/04/2007,21Z,23.2,38%,1013.8 Hpa,350º (N ),18.0,3/8,1/8 SC,AC,-,-,-,-,Scattered clouds
ABADAN,19/04/2007,18Z,24.2,43%,1012.6 Hpa,330º (NW),14.4,6/8,3/8 SC,AC,-,-,-,-,Cloudy
ABADAN,19/04/2007,15Z,27.8,26%,1010.4 Hpa,340º (N ),18.0,7/8,5/8 CB,AC,-,-,33.0,-,Cloudy
ABADAN,19/04/2007,12Z,31.0,24%,1009.9 Hpa,330º (NW),32.4,8/8,-,8/8 AC,,-,-,-,"Overcast, dust"
ABADAN,19/04/2007,09Z,30.0,32%,-,320º (NW),21.6,,-,-,-,-,-,-,-
ABADAN,19/04/2007,06Z,26.2,55%,1010.3 Hpa,0º (N),-,8/8,-,8/8 AC,,-,-,-,Overcast
ABADAN,19/04/2007,03Z,22.0,64%,1008.4 Hpa,calm.,,5/8,1/8 SC,AC,-,-,-,21.6,Cloudy
ABADAN,19/04/2007,00Z,22.6,59%,1007.4 Hpa,190º (S ),14.4,0/8,-,-,-,-,-,-,Clear
ABADEH,19/04/2007,21Z,14.8,36%,1005.7 Hpa,210º (SW),18.0,0/8,-,-,-,-,-,-,"Clear, dust"
ABADEH,19/04/2007,18Z,17.0,27%,1005.3 Hpa,250º (W ),32.4,0/8,-,-,-,-,-,-,"Clear, dust"
ABADEH,19/04/2007,12Z,22.4,14%,1005.8 Hpa,270º (W ),72.0,1/8,1/8 CU,-,-,-,-,-,"Few clouds, dust"
ABADEH,19/04/2007,09Z,21.6,16%,1007.5 Hpa,240º (SW),36.0,1/8,1/8 CU,-,-,-,-,-,Few clouds
ABADEH,19/04/2007,00Z,9.6,44%,1008.8 Hpa,calm.,,0/8,-,-,-,-,-,-,"Clear, haze"
ABU MUSA,19/04/2007,12Z,28.6,189%,1008.2 Hpa,270º (W ),14.4,0/8,-,-,-,-,-,-,Clear
ABU MUSA,19/04/2007,09Z,27.8,75%,1009.5 Hpa,220º (SW),18.0,0/8,-,-,-,-,-,-,"Clear, haze"
ABU MUSA,19/04/2007,06Z,26.6,122%,1010.1 Hpa,210º (SW),18.0,0/8,-,-,-,-,-,-,"Clear, haze"
AHAR,19/04/2007,21Z,4.8,79%,1007.1 Hpa,270º (W ),10.8,2/8,2/8 CB,-,-,-,-,-,"Few clouds, rain showers"
AHAR,19/04/2007,18Z,9.8,47%,1005.0 Hpa,200º (S ),10.8,5/8,4/8 CB,AC,-,Tr(6h),-,-,Cloudy
AHAR,19/04/2007,12Z,14.4,28%,1002.4 Hpa,260º (W ),39.6,5/8,5/8 CB,-,-,-,-,-,Cloudy
AHAR,19/04/2007,09Z,12.4,30%,1003.7 Hpa,230º (SW),39.6,6/8,5/8 CB,-,CI,-,-,-,Cloudy
AHAR,19/04/2007,00Z,10.0,71%,1001.6 Hpa,180º (S ),7.2,6/8,5/8 CB,AC,-,2.0(6h),-,-,"Cloudy, rain showers"
AHWAZ,19/04/2007,21Z,21.8,37%,1013.0 Hpa,340º (N ),7.2,0/8,-,-,-,-,-,-,Clear
AHWAZ,19/04/2007,18Z,24.2,113%,1011.2 Hpa,290º (W ),14.4,6/8,3/8 SC,AC,-,-,-,-,"Cloudy, dust"
AHWAZ,19/04/2007,15Z,27.6,26%,-,300º (NW),18.0,7/8,-,-,-,-,-,-,Cloudy
AHWAZ,19/04/2007,12Z,29.4,32%,1008.7 Hpa,300º (NW),14.4,8/8,4/8 CB,AC,,-,-,-,"Overcast, dust"
AHWAZ,19/04/2007,09Z,30.4,22%,1009.8 Hpa,240º (SW),14.4,8/8,4/8 CB,AC,,-,-,-,"Overcast, haze"
AHWAZ,19/04/2007,06Z,29.0,27%,1009.0 Hpa,140º (SE),7.2,6/8,3/8 SC,AC,-,-,-,-,"Cloudy, haze"
AHWAZ,19/04/2007,03Z,21.8,44%,1008.2 Hpa,090º (E ),10.8,5/8,3/8 SC,AC,-,-,-,21.4,"Cloudy, haze"
AHWAZ,19/04/2007,00Z,21.8,48%,1008.4 Hpa,080º (E ),7.2,5/8,2/8 SC,AC,-,-,-,-,Cloudy
ALI-GOODARZ,19/04/2007,21Z,6.2,65%,1011.9 Hpa,150º (SE),21.6,0/8,-,-,-,-,-,-,Clear
ALI-GOODARZ,19/04/2007,18Z,8.0,77%,1010.9 Hpa,110º (E ),25.2,2/8,2/8 SC,-,-,2.0(6h),-,-,Few clouds
ALI-GOODARZ,19/04/2007,12Z,8.8,80%,1009.9 Hpa,200º (S ),28.8,8/8,5/8 CB,AC,,2.0(6h),-,-,"Overcast, rain"
ALI-GOODARZ,19/04/2007,09Z,9.2,73%,1011.9 Hpa,160º (S ),43.2,8/8,5/8 CB,AC,,-,-,-,"Overcast, rain"
ALI-GOODARZ,19/04/2007,00Z,13.8,31%,1007.1 Hpa,190º (S ),36.0,4/8,2/8 SC,AC,-,-,-,-,Scattered clouds
ANZALI,19/04/2007,21Z,13.0,88%,1009.4 Hpa,220º (SW),7.2,0/8,-,-,-,-,-,-,Clear
ANZALI,19/04/2007,18Z,13.4,88%,1008.4 Hpa,calm.,,0/8,-,-,-,-,-,-,Clear
ANZALI,19/04/2007,15Z,13.6,88%,1007.7 Hpa,330º (NW),7.2,3/8,1/8 ST,AC,-,-,15.4,-,Scattered clouds
ANZALI,19/04/2007,12Z,15.0,249%,1004.2 Hpa,060º (NE),10.8,3/8,1/8 CB,AC,-,Tr(6h),-,-,"Scattered clouds, rain showers"
ANZALI,19/04/2007,09Z,14.8,86%,1003.7 Hpa,360º (N ),7.2,5/8,3/8 CU/SC,AC,CS,-,-,-,Cloudy
ANZALI,19/04/2007,06Z,12.8,286%,1005.7 Hpa,calm.,,8/8,4/8 SC,AC,,0.2(24h),-,-,"Overcast, mist"
ANZALI,19/04/2007,03Z,12.0,94%,1006.5 Hpa,calm.,,8/8,5/8 SC,AC,,-,-,11.8,Overcast
ANZALI,19/04/2007,00Z,12.0,92%,1007.6 Hpa,calm.,,8/8,5/8 SC,AC,,0.2(6h),-,-,Overcast
ARAK,19/04/2007,21Z,13.0,38%,1006.6 Hpa,200º (S ),28.8,0/8,-,-,-,-,-,-,Clear
ARAK,19/04/2007,18Z,,0%,1007.9 Hpa,010º (N),108.0,1/8,1/8 SC,-,CI,-,-,-,Few clouds
ARAK,19/04/2007,15Z,13.4,54%,1007.2 Hpa,240º (SW),28.8,7/8,4/8 CB,AC,-,-,19.2,-,Cloudy
ARAK,19/04/2007,12Z,13.4,67%,1007.7 Hpa,180º (S ),14.4,7/8,4/8 CB,AC,-,2.0(6h),-,-,"Cloudy, haze"
ARAK,19/04/2007,09Z,17.4,47%,1005.3 Hpa,180º (S ),28.8,6/8,3/8 CU,AC,CI,-,-,-,Cloudy
ARAK,19/04/2007,06Z,15.8,46%,1007.7 Hpa,180º (S ),36.0,7/8,4/8 CB,AC,-,0.2(6h),-,-,"Cloudy, rain showers"
ARAK,19/04/2007,03Z,14.8,49%,1004.2 Hpa,200º (S ),43.2,4/8,4/8 SC,-,-,-,-,14.6,"Scattered clouds, dust"
ARAK,19/04/2007,00Z,15.6,46%,1003.8 Hpa,200º (S ),28.8,3/8,3/8 SC,-,-,-,-,-,Scattered clouds
ARDEBIL,19/04/2007,21Z,9.4,62%,1003.6 Hpa,270º (W ),25.2,0/8,-,-,-,-,-,-,Clear
ARDEBIL,19/04/2007,18Z,10.0,53%,1004.8 Hpa,270º (W ),14.4,0/8,-,-,-,-,-,-,Clear
ARDEBIL,19/04/2007,12Z,17.6,47%,1001.3 Hpa,270º (W ),46.8,4/8,2/8 CB,AC,-,0.2(6h),-,-,Scattered clouds
ARDEBIL,19/04/2007,09Z,15.6,56%,1001.9 Hpa,270º (W ),50.4,5/8,3/8 CB,AC,-,-,-,-,"Cloudy, haze"
BABULSAR,19/04/2007,21Z,14.2,90%,1007.2 Hpa,030º (NE),39.6,8/8,4/8 ST,AC,,-,-,-,Overcast
BABULSAR,19/04/2007,18Z,19.2,81%,1004.1 Hpa,030º (NE),14.4,0/8,-,-,-,-,-,-,Clear
BABULSAR,19/04/2007,15Z,23.0,65%,1004.7 Hpa,calm.,,7/8,3/8 SC,AC,-,-,23.2,-,Cloudy
BABULSAR,19/04/2007,12Z,22.0,69%,1005.5 Hpa,350º (N ),10.8,7/8,-,7/8 AC,CI,-,-,-,Cloudy
BABULSAR,19/04/2007,09Z,18.8,66%,1005.4 Hpa,350º (N ),10.8,7/8,-,7/8 AC,-,-,-,-,Cloudy
BABULSAR,19/04/2007,06Z,16.2,75%,1005.4 Hpa,calm.,,7/8,1/8 ST,AC,CI,-,-,-,Cloudy
BABULSAR,19/04/2007,03Z,13.6,88%,1007.0 Hpa,calm.,,8/8,4/8 SC,AC,,-,-,13.4,Overcast
BABULSAR,19/04/2007,00Z,13.4,88%,1007.6 Hpa,030º (NE),14.4,8/8,4/8 SC,AC,,-,-,-,Overcast
BAFT,19/04/2007,21Z,14.0,40%,1006.6 Hpa,330º (NW),18.0,0/8,-,-,-,-,-,-,Clear
BAFT,19/04/2007,18Z,17.6,27%,1007.1 Hpa,360º (N ),14.4,0/8,-,-,-,-,-,-,Clear
BAFT,19/04/2007,12Z,22.8,17%,1005.8 Hpa,270º (W ),10.8,0/8,-,-,-,-,-,-,Clear
BAFT,19/04/2007,09Z,21.6,20%,1007.6 Hpa,300º (NW),25.2,0/8,-,-,-,-,-,-,Clear
BAM,19/04/2007,21Z,27.0,23%,999.7 Hpa,340º (N ),28.8,0/8,-,-,-,-,-,-,Clear
BAM,19/04/2007,18Z,28.8,17%,999.8 Hpa,330º (NW),14.4,0/8,-,-,-,-,-,-,Clear
BAM,19/04/2007,12Z,35.8,9%,998.6 Hpa,060º (NE),18.0,1/8,1/8 CU,-,-,-,-,-,Few clouds
BAM,19/04/2007,09Z,34.2,10%,1001.8 Hpa,320º (NW),14.4,0/8,-,-,-,-,-,-,Clear
BAM,19/04/2007,00Z,23.4,15%,1001.8 Hpa,320º (NW),21.6,0/8,-,-,-,-,-,-,Clear
BANDAR LENGEH,19/04/2007,12Z,34.6,27%,1006.4 Hpa,270º (W ),36.0,0/8,-,-,-,-,-,-,"Clear, dust"
BANDAR LENGEH,19/04/2007,09Z,38.4,12%,1007.9 Hpa,270º (W ),36.0,0/8,-,-,-,-,-,-,"Clear, dust"
BANDARABBASS,19/04/2007,21Z,25.4,68%,1007.2 Hpa,360º (N ),7.2,0/8,-,-,-,-,-,-,"Clear, haze"
BANDARABBASS,19/04/2007,18Z,26.8,69%,1007.2 Hpa,220º (SW),10.8,0/8,-,-,-,-,-,-,"Clear, haze"
BANDARABBASS,19/04/2007,15Z,28.8,62%,1006.1 Hpa,210º (SW),18.0,0/8,-,-,-,-,33.4,-,"Clear, haze"
BANDARABBASS,19/04/2007,12Z,32.6,43%,1006.1 Hpa,220º (SW),36.0,0/8,-,-,-,-,-,-,"Clear, dust"
BANDARABBASS,19/04/2007,09Z,31.4,55%,1008.3 Hpa,190º (S ),28.8,0/8,-,-,-,-,-,-,"Clear, dust"
BANDARABBASS,19/04/2007,06Z,29.8,51%,1009.8 Hpa,120º (SE),10.8,0/8,-,-,-,-,-,-,"Clear, haze"
BANDARABBASS,19/04/2007,03Z,22.6,74%,1008.4 Hpa,calm.,,0/8,-,-,-,-,-,21.4,"Clear, haze"
BANDARABBASS,19/04/2007,00Z,21.8,75%,1007.4 Hpa,320º (NW),7.2,0/8,-,-,-,-,-,-,"Clear, haze"
BIRJAND,19/04/2007,21Z,13.6,37%,1005.0 Hpa,calm.,,0/8,-,-,-,-,-,-,Clear
BIRJAND,19/04/2007,18Z,18.8,24%,1004.2 Hpa,090º (E ),14.4,0/8,-,-,-,-,-,-,Clear
BIRJAND,19/04/2007,15Z,26.8,12%,1003.4 Hpa,240º (SW),18.0,0/8,-,-,-,-,31.0,-,Clear
BIRJAND,19/04/2007,12Z,30.4,12%,1003.0 Hpa,240º (SW),18.0,3/8,3/8 SC,-,-,-,-,-,Scattered clouds
BIRJAND,19/04/2007,09Z,29.6,10%,-,190º (S ),28.8,1/8,-,-,-,-,-,-,Few clouds
BIRJAND,19/04/2007,06Z,27.4,15%,1008.4 Hpa,260º (W ),7.2,0/8,-,-,-,-,-,-,Clear
BIRJAND,19/04/2007,03Z,18.4,26%,1008.3 Hpa,040º (NE),14.4,0/8,-,-,-,-,-,13.8,Clear
BIRJAND,19/04/2007,00Z,15.6,34%,1007.2 Hpa,040º (NE),14.4,0/8,-,-,-,-,-,-,Clear
BOJNOURD,19/04/2007,21Z,15.0,62%,1006.1 Hpa,calm.,,8/8,1/8 SC,AC,,-,-,-,Overcast
BOJNOURD,19/04/2007,18Z,17.2,47%,1007.4 Hpa,300º (NW),7.2,5/8,2/8 SC,AC,CI,-,-,-,Cloudy
BOJNOURD,19/04/2007,12Z,28.2,10%,1005.1 Hpa,210º (SW),18.0,7/8,2/8 CU,AC,CI,-,-,-,Cloudy
BOJNOURD,19/04/2007,09Z,28.4,15%,1004.6 Hpa,150º (SE),18.0,5/8,-,-,CI,-,-,-,Cloudy
BOJNOURD,19/04/2007,06Z,19.8,50%,1009.0 Hpa,360º (N ),7.2,0/8,-,-,-,-,-,-,"Clear, haze"
BOJNOURD,19/04/2007,00Z,7.8,94%,1015.8 Hpa,calm.,,0/8,-,-,-,-,-,-,Clear
BUSHEHR,19/04/2007,21Z,24.4,80%,1010.8 Hpa,330º (NW),14.4,0/8,-,-,-,-,-,-,"Clear, mist"
BUSHEHR,19/04/2007,18Z,24.6,239%,1010.0 Hpa,320º (NW),10.8,0/8,-,-,-,-,-,-,"Clear, mist"
BUSHEHR,19/04/2007,12Z,27.2,118%,1008.3 Hpa,180º (S ),21.6,0/8,-,-,-,-,-,-,"Clear, dust"
BUSHEHR,19/04/2007,09Z,27.6,66%,1010.2 Hpa,190º (S ),28.8,0/8,-,-,-,-,-,-,Clear
BUSHEHR,19/04/2007,00Z,24.4,139%,1008.2 Hpa,090º (E ),7.2,0/8,-,-,-,-,-,-,Clear
CHAHBAHAR,19/04/2007,21Z,25.8,85%,1008.1 Hpa,340º (N ),7.2,0/8,0/8 CU,AC,CC,-,-0.2,-,Clear
CHAHBAHAR,19/04/2007,09Z,28.8,84%,1009.4 Hpa,170º (S ),10.8,0/8,0/8 CU,AC,CI,-,90.2,-,Clear
ESFAHAN,19/04/2007,21Z,15.4,36%,1006.4 Hpa,240º (SW),25.2,0/8,-,-,-,-,-,-,Clear
ESFAHAN,19/04/2007,18Z,17.8,34%,1006.9 Hpa,240º (SW),36.0,0/8,-,-,-,-,-,-,Clear
ESFAHAN,19/04/2007,15Z,20.4,24%,1007.3 Hpa,270º (W ),39.6,1/8,-,-,CI,-,26.6,-,Few clouds
ESFAHAN,19/04/2007,12Z,23.8,16%,1005.2 Hpa,210º (SW),36.0,1/8,-,-,CI,-,-,-,"Few clouds, haze"
ESFAHAN,19/04/2007,09Z,25.0,17%,1005.7 Hpa,250º (W ),36.0,1/8,1/8 CU,-,-,-,-,-,"Few clouds, haze"
ESFAHAN,19/04/2007,06Z,20.4,24%,1006.9 Hpa,calm.,,0/8,-,-,-,-,-,-,Clear
ESFAHAN,19/04/2007,03Z,11.8,48%,1008.1 Hpa,calm.,,0/8,-,-,-,-,-,11.2,Clear
ESFAHAN,19/04/2007,00Z,13.0,51%,1007.2 Hpa,calm.,,0/8,-,-,-,-,-,-,Clear
FASA,19/04/2007,21Z,13.2,70%,1007.3 Hpa,calm.,,0/8,-,-,-,-,-,-,"Clear, dust"
FASA,19/04/2007,18Z,16.8,59%,1007.9 Hpa,calm.,,0/8,-,-,-,-,-,-,"Clear, dust"
FASA,19/04/2007,12Z,28.8,21%,1006.9 Hpa,230º (SW),18.0,2/8,2/8 CU,-,-,-,-,-,"Few clouds, dust"
FASA,19/04/2007,09Z,27.8,24%,1008.3 Hpa,180º (S ),7.2,1/8,1/8 CU,-,-,-,-,-,"Few clouds, dust"
FASA,19/04/2007,00Z,10.4,74%,1008.4 Hpa,330º (NW),10.8,0/8,-,-,-,-,-,-,"Clear, dust"
FERDOUS,19/04/2007,21Z,18.6,42%,1001.4 Hpa,calm.,,2/8,-,1/8 AC,CI,-,-,-,Few clouds
FERDOUS,19/04/2007,18Z,21.4,29%,1004.0 Hpa,calm.,,0/8,-,-,-,-,-,-,Clear
FERDOUS,19/04/2007,12Z,30.8,13%,1005.8 Hpa,190º (S ),32.4,1/8,1/8 CU,-,-,-,-,-,Few clouds
FERDOUS,19/04/2007,09Z,30.4,17%,1006.3 Hpa,170º (S ),32.4,1/8,1/8 CU,-,-,-,-,-,Few clouds
FERDOUS,19/04/2007,06Z,27.0,22%,1007.5 Hpa,130º (SE),14.4,0/8,-,-,-,-,-,-,Clear
FERDOUS,19/04/2007,00Z,15.0,34%,1007.4 Hpa,calm.,,0/8,-,-,-,-,-,-,Clear
GACH SARAN DU GUNBADAN,19/04/2007,21Z,22.2,59%,1005.8 Hpa,calm.,,7/8,3/8 SC,AC,-,-,-,-,Cloudy
GACH SARAN DU GUNBADAN,19/04/2007,18Z,23.6,53%,1007.2 Hpa,calm.,,7/8,3/8 SC,AC,-,-,-,-,Cloudy
GACH SARAN DU GUNBADAN,19/04/2007,12Z,30.4,23%,1006.5 Hpa,180º (S ),7.2,0/8,-,-,-,-,-,-,Clear
GACH SARAN DU GUNBADAN,19/04/2007,09Z,29.6,22%,1008.2 Hpa,120º (SE),10.8,0/8,-,-,-,-,-,-,"Clear, haze"
GACH SARAN DU GUNBADAN,19/04/2007,06Z,22.8,54%,1008.5 Hpa,150º (SE),14.4,0/8,-,-,-,-,-,-,"Clear, haze"
GACH SARAN DU GUNBADAN,19/04/2007,00Z,15.0,79%,1007.1 Hpa,calm.,,0/8,-,-,-,-,-,-,"Clear, haze"
GHARAKHIL,19/04/2007,21Z,15.4,80%,1007.4 Hpa,210º (SW),10.8,8/8,3/8 ST,AC,,-,-,-,Overcast
GHARAKHIL,19/04/2007,18Z,17.8,76%,1003.0 Hpa,330º (NW),7.2,3/8,-,3/8 AC,-,-,-,-,Scattered clouds
GHARAKHIL,19/04/2007,12Z,23.8,61%,1006.2 Hpa,130º (SE),14.4,7/8,2/8 SC,AC,-,-,-,-,Cloudy
GHARAKHIL,19/04/2007,09Z,20.4,69%,1005.3 Hpa,calm.,,6/8,-,6/8 AC,-,-,-,-,"Cloudy, haze"
GHARAKHIL,19/04/2007,06Z,15.2,85%,1005.5 Hpa,calm.,,3/8,-,3/8 AC,-,-,-,-,"Scattered clouds, mist"
GHARAKHIL,19/04/2007,00Z,12.6,97%,1007.5 Hpa,calm.,,8/8,8/8 ST,,,-,-,-,Overcast
GHAZVIN,19/04/2007,21Z,8.4,64%,1009.6 Hpa,calm.,,0/8,-,-,-,-,-,-,Clear
GHAZVIN,19/04/2007,18Z,12.2,56%,1008.1 Hpa,180º (S ),7.2,5/8,1/8 SC,AC,-,-,-,-,Cloudy
GHAZVIN,19/04/2007,12Z,19.0,37%,1006.0 Hpa,220º (SW),36.0,1/8,1/8 CB,AC,-,0.8(6h),-,-,Few clouds
GHAZVIN,19/04/2007,09Z,14.0,65%,1009.6 Hpa,180º (S ),32.4,8/8,5/8 CB,AC,,-,-,-,Overcast
GHAZVIN,19/04/2007,00Z,10.4,73%,1007.2 Hpa,calm.,,8/8,1/8 SC,-,CI,-,-,-,Overcast
GHUCHAN,19/04/2007,21Z,11.4,79%,1007.1 Hpa,260º (W ),14.4,0/8,-,-,-,-,-,-,Clear
GHUCHAN,19/04/2007,18Z,15.2,45%,1006.3 Hpa,250º (W ),14.4,1/8,-,-,CI,-,-,-,Few clouds
GHUCHAN,19/04/2007,12Z,28.2,14%,1003.5 Hpa,240º (SW),36.0,2/8,2/8 CU,-,-,-,-,-,Few clouds
GHUCHAN,19/04/2007,09Z,24.2,29%,1006.4 Hpa,150º (SE),39.6,2/8,-,-,CI,-,-,-,Few clouds
GHUCHAN,19/04/2007,00Z,13.8,59%,1009.4 Hpa,080º (E ),25.2,0/8,-,-,-,-,-,-,Clear
GORGAN,19/04/2007,12Z,22.0,73%,1007.1 Hpa,calm.,,8/8,2/8 CU,-,CS,-,-,-,Overcast
GORGAN,19/04/2007,09Z,18.4,80%,1006.3 Hpa,300º (NW),14.4,8/8,2/8 CU,-,CS,-,-,-,"Overcast, mist"
HAMEDAN,19/04/2007,21Z,9.0,41%,1010.5 Hpa,210º (SW),28.8,0/8,-,-,-,-,-,-,Clear
HAMEDAN,19/04/2007,18Z,8.4,48%,1011.7 Hpa,360º (N ),18.0,0/8,-,-,-,-,-,-,Clear
HAMEDAN,19/04/2007,15Z,12.5,44%,1009.1 Hpa,210º (SW),25.2,5/8,5/8 CB,-,-,-,14.8,-,Cloudy
HAMEDAN,19/04/2007,12Z,14.3,40%,1007.3 Hpa,210º (SW),54.0,5/8,5/8 CB,-,-,3.0(6h),-,-,Cloudy
HAMEDAN,19/04/2007,09Z,12.2,56%,-,220º (SW),36.0,8/8,-,-,-,-,-,-,Overcast
HAMEDAN,19/04/2007,06Z,7.2,93%,1012.1 Hpa,210º (SW),18.0,8/8,5/8 CB,AC,,7.0(6h),-,-,"Overcast, rain"
HAMEDAN,19/04/2007,03Z,4.5,113%,1009.5 Hpa,280º (W ),14.4,8/8,6/8 CB,AC,,-,-,7.5,"Overcast, rain showers"
HAMEDAN,19/04/2007,00Z,9.7,74%,1009.2 Hpa,180º (S ),10.8,5/8,4/8 CU,AC,-,0.6(6h),-,-,Cloudy
ILAM,19/04/2007,21Z,7.4,68%,1015.5 Hpa,calm.,,0/8,-,-,-,-,-,-,Clear
ILAM,19/04/2007,18Z,10.0,67%,1014.8 Hpa,calm.,,0/8,-,-,-,-,-,-,Clear
ILAM,19/04/2007,12Z,16.4,45%,1010.2 Hpa,270º (W ),14.4,2/8,2/8 SC,-,-,-,-,-,"Few clouds, dust"
ILAM,19/04/2007,09Z,16.0,38%,1009.2 Hpa,210º (SW),10.8,6/8,3/8 CB,AC,-,-,-,-,"Cloudy, dust"
ILAM,19/04/2007,06Z,13.6,51%,1010.3 Hpa,180º (S ),10.8,7/8,3/8 CB,AC,-,Tr(6h),-,-,"Cloudy, dust"
ILAM,19/04/2007,00Z,14.6,54%,1007.8 Hpa,130º (SE),7.2,8/8,4/8 SC,AC,,0.9(6h),-,-,"Overcast, dust"
IRANSHAHR,19/04/2007,21Z,28.4,22%,1006.0 Hpa,320º (NW),10.8,0/8,-,-,-,-,-,-,Clear
IRANSHAHR,19/04/2007,18Z,31.4,23%,1005.2 Hpa,330º (NW),18.0,0/8,-,-,-,-,-,-,Clear
IRANSHAHR,19/04/2007,12Z,38.0,14%,1003.2 Hpa,330º (NW),7.2,0/8,-,-,-,-,-,-,Clear
IRANSHAHR,19/04/2007,09Z,36.8,12%,1006.3 Hpa,230º (SW),14.4,0/8,-,-,-,-,-,-,Clear
IRANSHAHR,19/04/2007,00Z,22.8,20%,1005.8 Hpa,040º (NE),10.8,0/8,-,-,-,-,-,-,Clear
JASK,19/04/2007,21Z,26.8,68%,1007.5 Hpa,220º (SW),14.4,0/8,-,-,-,-,-,-,"Clear, haze"
JASK,19/04/2007,18Z,28.4,514%,1007.7 Hpa,280º (W ),18.0,0/8,-,-,-,-,-,-,"Clear, haze"
JASK,19/04/2007,12Z,31.2,163%,1006.5 Hpa,240º (SW),32.4,0/8,-,-,-,-,-,-,"Clear, dust"
JASK,19/04/2007,09Z,29.8,62%,1008.4 Hpa,230º (SW),32.4,0/8,-,-,-,-,-,-,"Clear, dust"
JASK,19/04/2007,06Z,28.8,187%,1009.4 Hpa,250º (W ),21.6,0/8,-,-,-,-,-,-,"Clear, haze"
JASK,19/04/2007,00Z,26.4,577%,1006.4 Hpa,290º (W ),7.2,0/8,-,-,-,-,-,-,Clear
KASHAN,19/04/2007,21Z,18.4,39%,1006.2 Hpa,180º (S ),14.4,0/8,-,-,-,-,-,-,Clear
KASHAN,19/04/2007,18Z,19.0,45%,1007.5 Hpa,calm.,,0/8,-,-,-,-,-,-,Clear
KASHAN,19/04/2007,15Z,23.4,28%,1007.7 Hpa,190º (S ),10.8,3/8,2/8 SC,-,CI,-,29.8,-,Scattered clouds
KASHAN,19/04/2007,12Z,29.4,16%,1005.3 Hpa,180º (S ),36.0,4/8,2/8 SC,-,CI,-,-,-,Scattered clouds
KASHAN,19/04/2007,09Z,29.2,12%,1004.7 Hpa,240º (SW),36.0,4/8,2/8 SC,-,CI,-,-,-,Scattered clouds
KASHAN,19/04/2007,06Z,26.0,18%,1006.1 Hpa,calm.,,2/8,-,-,CI,-,-,-,Few clouds
KASHAN,19/04/2007,03Z,14.4,46%,1007.2 Hpa,calm.,,0/8,-,-,-,-,-,13.4,Clear
KASHAN,19/04/2007,00Z,16.0,38%,1006.7 Hpa,calm.,,0/8,-,-,-,-,-,-,Clear
KASHMAR,19/04/2007,21Z,20.6,27%,1001.8 Hpa,calm.,,0/8,-,-,-,-,-,-,Clear
KASHMAR,19/04/2007,18Z,23.8,23%,1002.8 Hpa,360º (N ),7.2,0/8,-,-,-,-,-,-,Clear
KASHMAR,19/04/2007,12Z,30.4,15%,1002.8 Hpa,270º (W ),18.0,1/8,1/8 CU,-,-,-,-,-,Few clouds
KASHMAR,19/04/2007,09Z,30.2,17%,1004.7 Hpa,120º (SE),10.8,0/8,-,-,-,-,-,-,Clear
KASHMAR,19/04/2007,00Z,18.4,34%,1008.0 Hpa,calm.,,1/8,-,-,CI,-,-,-,Few clouds
KERMAN,19/04/2007,21Z,18.4,26%,1005.5 Hpa,220º (SW),18.0,0/8,-,-,-,-,-,-,Clear
KERMAN,19/04/2007,18Z,22.6,15%,1004.9 Hpa,270º (W ),28.8,0/8,-,-,-,-,-,-,Clear
KERMAN,19/04/2007,15Z,24.6,7%,1006.1 Hpa,250º (W ),25.2,1/8,1/8 SC,-,-,-,28.6,-,Few clouds
KERMAN,19/04/2007,12Z,27.8,8%,1004.0 Hpa,270º (W ),14.4,1/8,1/8 CU,-,-,-,-,-,Few clouds
KERMAN,19/04/2007,09Z,26.4,11%,1006.4 Hpa,240º (SW),25.2,0/8,-,-,-,-,-,-,Clear
KERMAN,19/04/2007,06Z,22.6,17%,1008.6 Hpa,150º (SE),14.4,0/8,-,-,-,-,-,-,Clear
KERMAN,19/04/2007,03Z,11.6,37%,1010.2 Hpa,calm.,,0/8,-,-,-,-,-,9.6,Clear
KERMAN,19/04/2007,00Z,14.2,25%,1007.1 Hpa,calm.,,0/8,-,-,-,-,-,-,Clear
KERMANSHAH,19/04/2007,21Z,6.8,77%,1014.0 Hpa,calm.,,0/8,-,-,-,-,-,-,Clear
KERMANSHAH,19/04/2007,18Z,10.6,54%,1012.9 Hpa,280º (W ),18.0,0/8,-,-,-,-,-,-,Clear
KERMANSHAH,19/04/2007,15Z,14.2,38%,1010.5 Hpa,250º (W ),18.0,3/8,2/8 SC,AC,-,-,19.6,-,Scattered clouds
KERMANSHAH,19/04/2007,12Z,19.6,30%,1048.2 Hpa,220º (SW),25.2,4/8,2/8 SC,AC,-,-,-,-,Scattered clouds
KERMANSHAH,19/04/2007,09Z,18.2,38%,1009.1 Hpa,180º (S ),25.2,6/8,3/8 SC,AC,-,-,-,-,Cloudy
KERMANSHAH,19/04/2007,06Z,14.2,53%,1010.0 Hpa,160º (S ),18.0,7/8,4/8 CB,AC,-,5.2(24h),-,-,"Cloudy, dust"
KERMANSHAH,19/04/2007,03Z,11.8,69%,1009.9 Hpa,110º (E ),7.2,8/8,4/8 CB,AC,,-,-,11.2,"Overcast, dust"
KERMANSHAH,19/04/2007,00Z,11.5,81%,1009.6 Hpa,calm.,,8/8,4/8 CB,AC,,3.0(6h),-,-,"Overcast, rain"
KHARG,19/04/2007,12Z,29.0,49%,1008.2 Hpa,270º (W ),10.8,0/8,-,-,-,-,-,-,"Clear, dust"
KHARG,19/04/2007,09Z,30.4,38%,1009.0 Hpa,210º (SW),14.4,0/8,-,-,-,-,-,-,"Clear, dust"
KHARG,19/04/2007,06Z,26.0,52%,1009.5 Hpa,160º (S ),10.8,0/8,-,-,-,-,-,-,Clear
KHOR,19/04/2007,21Z,23.0,34%,1004.2 Hpa,290º (W ),18.0,0/8,-,-,-,-,-,-,"Clear, dust"
KHOR,19/04/2007,18Z,26.8,22%,1002.8 Hpa,330º (NW),21.6,5/8,-,-,CI,-,-,-,Cloudy
KHOR,19/04/2007,12Z,33.6,16%,1001.5 Hpa,200º (S ),21.6,0/8,-,-,-,-,-,-,Clear
KHOR,19/04/2007,09Z,31.6,11%,1004.6 Hpa,240º (SW),18.0,0/8,-,-,-,-,-,-,Clear
KHOR,19/04/2007,00Z,19.4,25%,1004.9 Hpa,calm.,,0/8,-,-,-,-,-,-,Clear
KHORRAM ABAD,19/04/2007,21Z,8.6,74%,1013.9 Hpa,320º (NW),7.2,0/8,-,-,-,-,-,-,Clear
KHORRAM ABAD,19/04/2007,18Z,12.0,54%,1012.4 Hpa,270º (W ),7.2,1/8,1/8 SC,-,-,-,-,-,Few clouds
KHORRAM ABAD,19/04/2007,12Z,15.2,72%,1011.4 Hpa,100º (E ),10.8,7/8,4/8 SC,AC,-,2.0(6h),-,-,"Cloudy, dust"
KHORRAM ABAD,19/04/2007,09Z,14.8,73%,1012.3 Hpa,calm.,,8/8,6/8 CB,AC,,-,-,-,"Overcast, rain showers"
KHORRAM ABAD,19/04/2007,00Z,15.6,50%,1007.0 Hpa,150º (SE),7.2,5/8,3/8 CB,AC,-,Tr(6h),-,-,Cloudy
KHOY,19/04/2007,21Z,8.4,38%,1006.1 Hpa,240º (SW),18.0,0/8,-,-,-,-,-,-,Clear
KHOY,19/04/2007,18Z,8.2,64%,1005.0 Hpa,180º (S ),18.0,8/8,6/8 CB,-,-,0.2(6h),-,-,Overcast
KHOY,19/04/2007,15Z,13.4,35%,1002.8 Hpa,180º (S ),36.0,5/8,5/8 CB,-,-,-,16.8,-,Cloudy
KHOY,19/04/2007,12Z,16.2,31%,1001.4 Hpa,170º (S ),28.8,6/8,6/8 CB,-,-,-,-,-,Cloudy
KHOY,19/04/2007,09Z,16.4,38%,1002.2 Hpa,150º (SE),21.6,6/8,6/8 CB,-,-,-,-,-,Cloudy
KHOY,19/04/2007,06Z,13.6,41%,1003.5 Hpa,140º (SE),14.4,6/8,4/8 CU/SC,-,CI,4.5(24h),-,-,Cloudy
KHOY,19/04/2007,03Z,9.0,89%,1001.4 Hpa,200º (S ),21.6,5/8,2/8 SC,-,CI,-,-,8.2,Cloudy
KHOY,19/04/2007,00Z,10.6,74%,1000.2 Hpa,180º (S ),28.8,6/8,5/8 CB,AC,-,0.5(6h),-,-,Cloudy
KISH ISLAND,19/04/2007,21Z,26.0,59%,1007.6 Hpa,300º (NW),10.8,0/8,-,-,-,-,-,-,"Clear, haze"
KISH ISLAND,19/04/2007,18Z,27.6,46%,1008.1 Hpa,290º (W ),14.4,0/8,-,-,-,-,-,-,"Clear, haze"
KISH ISLAND,19/04/2007,12Z,,0%,1007.8 Hpa,030º (NE),72.0,1/8,-,-,-,-,-,-,"Few clouds, haze"
KISH ISLAND,19/04/2007,09Z,35.0,20%,1009.6 Hpa,270º (W ),28.8,0/8,-,-,-,-,-,-,"Clear, haze"
KISH ISLAND,19/04/2007,06Z,34.0,20%,1009.8 Hpa,300º (NW),10.8,0/8,-,-,-,-,-,-,"Clear, haze"
KISH ISLAND,19/04/2007,00Z,26.4,54%,1007.2 Hpa,280º (W ),7.2,0/8,-,-,-,-,-,-,"Clear, haze"
MAKKO,19/04/2007,21Z,5.0,60%,1008.0 Hpa,330º (NW),25.2,6/8,6/8 CB,-,-,-,-,-,Cloudy
MAKKO,19/04/2007,18Z,6.0,64%,1006.2 Hpa,360º (N ),14.4,7/8,7/8 CB,-,-,1.0(6h),-,-,Cloudy
MAKKO,19/04/2007,12Z,,0%,1003.0 Hpa,210º (SW),25.2,6/8,6/8 CB,-,-,0.6(6h),-,-,"Cloudy, distant precipitation"
MAKKO,19/04/2007,09Z,7.2,68%,1004.8 Hpa,260º (W ),36.0,7/8,7/8 CB,-,-,-,-,-,"Cloudy, rain and snow showers"
MAKKO,19/04/2007,00Z,9.0,50%,1001.7 Hpa,260º (W ),25.2,8/8,6/8 CB,AC,,-,-,-,Overcast
MARAGHEH,19/04/2007,21Z,3.6,90%,1012.1 Hpa,160º (S ),7.2,3/8,3/8 CB,-,-,-,-,-,Scattered clouds
MARAGHEH,19/04/2007,18Z,6.4,86%,1009.2 Hpa,250º (W ),21.6,5/8,4/8 CB,-,CI,-,-,-,Cloudy
MARAGHEH,19/04/2007,12Z,13.8,42%,1005.9 Hpa,230º (SW),18.0,6/8,6/8 CB,-,CI,Tr(6h),-,-,Cloudy
MARAGHEH,19/04/2007,09Z,11.0,53%,1006.7 Hpa,250º (W ),14.4,6/8,6/8 CB,-,CI,-,-,-,"Cloudy, rain showers"
MARAGHEH,19/04/2007,00Z,9.2,70%,1004.6 Hpa,270º (W ),7.2,0/8,-,-,-,-,-,-,Clear
MASHHAD,19/04/2007,21Z,19.6,36%,1003.7 Hpa,calm.,,0/8,-,-,-,-,-,-,Clear
MASHHAD,19/04/2007,18Z,23.6,23%,1003.7 Hpa,calm.,,1/8,1/8 SC,-,-,-,-,-,Few clouds
MASHHAD,19/04/2007,15Z,28.4,20%,1003.3 Hpa,270º (W ),7.2,3/8,3/8 SC,-,-,-,32.4,-,"Scattered clouds, haze"
MASHHAD,19/04/2007,12Z,32.2,9%,1003.5 Hpa,210º (SW),21.6,2/8,2/8 SC,-,-,-,-,-,Few clouds
MASHHAD,19/04/2007,09Z,27.4,31%,1006.0 Hpa,150º (SE),10.8,1/8,1/8 CU,-,-,-,-,-,Few clouds
MASHHAD,19/04/2007,06Z,23.0,36%,1009.6 Hpa,calm.,,1/8,-,-,CI,-,-,-,Few clouds
MASHHAD,19/04/2007,03Z,15.0,71%,1010.9 Hpa,calm.,,0/8,-,-,-,-,-,13.0,Clear
MASHHAD,19/04/2007,00Z,14.8,65%,1009.6 Hpa,200º (S ),7.2,0/8,-,-,-,-,-,-,Clear
MASJED-SOLEYMAN,19/04/2007,21Z,20.4,38%,1011.3 Hpa,300º (NW),14.4,0/8,-,-,-,-,-,-,Clear
MASJED-SOLEYMAN,19/04/2007,18Z,22.2,37%,1009.6 Hpa,calm.,,6/8,-,6/8 AC,-,-,-,-,Cloudy
MASJED-SOLEYMAN,19/04/2007,12Z,28.0,28%,1007.4 Hpa,300º (NW),18.0,7/8,4/8 SC,AC,-,-,-,-,Cloudy
MASJED-SOLEYMAN,19/04/2007,09Z,26.2,37%,-,120º (SE),14.4,8/8,-,-,-,-,-,-,Overcast
MASJED-SOLEYMAN,19/04/2007,06Z,26.2,34%,1008.4 Hpa,140º (SE),18.0,7/8,7/8 CB,-,-,-,-,-,Cloudy
MASJED-SOLEYMAN,19/04/2007,00Z,22.0,48%,1008.3 Hpa,calm.,,4/8,-,-,-,-,-,-,Scattered clouds
MOHABAD,19/04/2007,21Z,6.0,54%,1010.3 Hpa,210º (SW),25.2,0/8,-,-,-,-,-,-,Clear
MOHABAD,19/04/2007,18Z,6.0,80%,1012.2 Hpa,270º (W ),18.0,6/8,4/8 CB,AC,-,0.2(6h),-,-,"Cloudy, rain showers"
MOHABAD,19/04/2007,12Z,12.2,51%,1006.0 Hpa,180º (S ),50.4,5/8,5/8 CB,-,-,-,-,-,Cloudy
MOHABAD,19/04/2007,09Z,12.8,41%,1006.7 Hpa,200º (S ),39.6,4/8,4/8 CB,-,-,-,-,-,Scattered clouds
MOHABAD,19/04/2007,06Z,11.0,55%,1006.5 Hpa,210º (SW),25.2,2/8,2/8 CU,-,-,0.6(24h),-,-,Few clouds
MOHABAD,19/04/2007,00Z,11.2,53%,1003.3 Hpa,190º (S ),25.2,5/8,4/8 CB,AC,-,-,-,-,Cloudy
NEHBANDAN,19/04/2007,21Z,20.0,34%,1005.3 Hpa,calm.,,0/8,-,-,-,-,-,-,Clear
NEHBANDAN,19/04/2007,18Z,24.4,22%,1006.0 Hpa,calm.,,0/8,-,-,-,-,-,-,Clear
NEHBANDAN,19/04/2007,12Z,32.2,9%,1007.3 Hpa,150º (SE),14.4,2/8,2/8 SC,-,-,-,-,-,Few clouds
NEHBANDAN,19/04/2007,09Z,31.9,8%,1008.4 Hpa,150º (SE),18.0,1/8,1/8 CU,-,-,-,-,-,Few clouds
NEHBANDAN,19/04/2007,00Z,15.2,41%,1009.7 Hpa,calm.,,0/8,-,-,-,-,-,-,Clear
NOSHAHR,19/04/2007,21Z,14.0,82%,1007.3 Hpa,300º (NW),25.2,2/8,2/8 CU,-,-,-,-,-,Few clouds
NOSHAHR,19/04/2007,18Z,15.0,86%,1006.1 Hpa,300º (NW),21.6,7/8,2/8 CU,AC,-,-,-,-,Cloudy
NOSHAHR,19/04/2007,12Z,26.7,33%,1003.3 Hpa,210º (SW),14.4,5/8,4/8 CB,AC,-,0.1(6h),-,-,Cloudy
NOSHAHR,19/04/2007,09Z,15.4,80%,1005.6 Hpa,050º (NE),10.8,8/8,4/8 CB,AC,CS,-,-,-,"Overcast, mist"
NOSHAHR,19/04/2007,06Z,15.4,80%,1003.9 Hpa,100º (E ),28.8,6/8,1/8 CU,AC,CI,0.1(24h),-,-,"Cloudy, mist"
NOSHAHR,19/04/2007,00Z,12.6,93%,1005.8 Hpa,090º (E ),14.4,8/8,5/8 ST,AC,,-,-,-,"Overcast, mist"
OMIDYEH-AGHAJARI,19/04/2007,21Z,23.2,53%,1013.0 Hpa,330º (NW),21.6,5/8,5/8 SC,-,-,-,-,-,"Cloudy, dust"
OMIDYEH-AGHAJARI,19/04/2007,18Z,26.6,46%,1011.0 Hpa,320º (NW),32.4,4/8,4/8 SC,-,-,-,-,-,"Scattered clouds, dust"
OMIDYEH-AGHAJARI,19/04/2007,15Z,29.6,47%,1009.4 Hpa,330º (NW),32.4,6/8,6/8 CB,-,-,-,35.0,-,"Cloudy, haze"
OMIDYEH-AGHAJARI,19/04/2007,12Z,34.6,35%,1009.0 Hpa,120º (SE),10.8,7/8,3/8 SC,AC,-,-,-,-,"Cloudy, haze"
OMIDYEH-AGHAJARI,19/04/2007,09Z,34.0,36%,1009.8 Hpa,180º (S ),21.6,2/8,1/8 SC,AC,-,-,-,-,"Few clouds, haze"
OMIDYEH-AGHAJARI,19/04/2007,06Z,28.0,49%,1010.7 Hpa,240º (SW),10.8,0/8,-,-,-,-,-,-,"Clear, haze"
OMIDYEH-AGHAJARI,19/04/2007,03Z,19.4,68%,-,000º (N),0.0,0/8,-,-,-,-,-,-,Clear
OMIDYEH-AGHAJARI,19/04/2007,00Z,21.0,58%,1008.9 Hpa,130º (SE),14.4,0/8,-,-,-,-,-,-,Clear
ORUMIEH,19/04/2007,21Z,3.0,61%,1009.5 Hpa,260º (W ),10.8,0/8,-,-,-,-,-,-,Clear
ORUMIEH,19/04/2007,18Z,4.0,84%,1009.4 Hpa,180º (S ),18.0,7/8,4/8 CB,AC,-,1.0(6h),-,-,"Cloudy, rain"
ORUMIEH,19/04/2007,15Z,9.0,52%,1006.2 Hpa,180º (S ),32.4,6/8,6/8 CB,-,-,-,14.4,-,Cloudy
ORUMIEH,19/04/2007,12Z,10.8,52%,1006.0 Hpa,270º (W ),21.6,6/8,6/8 CB,-,-,-,-,-,Cloudy
ORUMIEH,19/04/2007,09Z,14.0,37%,1004.0 Hpa,180º (S ),28.8,4/8,4/8 CB,-,-,-,-,-,Scattered clouds
ORUMIEH,19/04/2007,06Z,9.6,55%,1005.3 Hpa,180º (S ),36.0,4/8,4/8 CB,-,-,3.6(24h),-,-,Scattered clouds
ORUMIEH,19/04/2007,03Z,7.4,63%,1004.5 Hpa,210º (SW),28.8,3/8,3/8 CB,-,-,-,-,6.2,Scattered clouds
ORUMIEH,19/04/2007,00Z,6.4,83%,1003.0 Hpa,150º (SE),21.6,3/8,3/8 CB,-,-,0.8(6h),-,-,"Scattered clouds, lightning"
PARS ABAD MOGHAN,19/04/2007,21Z,10.6,87%,1008.3 Hpa,calm.,,7/8,4/8 SC,AC,-,-,-,-,Cloudy
PARS ABAD MOGHAN,19/04/2007,18Z,10.2,84%,1008.1 Hpa,calm.,,0/8,-,-,-,-,-,-,Clear
PARS ABAD MOGHAN,19/04/2007,12Z,16.6,54%,1006.8 Hpa,330º (NW),18.0,2/8,2/8 SC,-,-,-,-,-,Few clouds
PARS ABAD MOGHAN,19/04/2007,09Z,12.4,81%,1007.1 Hpa,250º (W ),216.0,4/8,3/8 CB,-,CI,-,-,-,Scattered clouds
PARS ABAD MOGHAN,19/04/2007,06Z,10.8,89%,1006.8 Hpa,330º (NW),10.8,8/8,5/8 SC,AC,,2.4(24h),-,-,"Overcast, mist"
RAMSAR,19/04/2007,21Z,12.8,88%,1005.9 Hpa,calm.,,5/8,3/8 ST,AC,-,-,-,-,Cloudy
RAMSAR,19/04/2007,18Z,13.0,88%,1005.9 Hpa,320º (NW),36.0,4/8,3/8 CB,AC,-,0.1(6h),-,-,"Scattered clouds, thunderstorm no precipitation"
RAMSAR,19/04/2007,15Z,16.6,79%,1003.6 Hpa,100º (E ),7.2,6/8,5/8 CB,AC,-,-,31.0,-,Cloudy
RAMSAR,19/04/2007,12Z,30.4,21%,1000.9 Hpa,270º (W ),18.0,6/8,2/8 CB,AC,-,0.1(6h),-,-,Cloudy
RAMSAR,19/04/2007,09Z,24.8,40%,1002.8 Hpa,180º (S ),32.4,6/8,2/8 CB,AC,-,-,-,-,"Cloudy, rain showers"
RAMSAR,19/04/2007,06Z,15.0,82%,1004.8 Hpa,090º (E ),7.2,7/8,2/8 CU,-,CS,0.5(24h),-,-,Cloudy
RAMSAR,19/04/2007,03Z,12.6,90%,1005.5 Hpa,090º (E ),7.2,6/8,4/8 CB,-,CI,-,-,11.8,Cloudy
SABZEVAR,19/04/2007,21Z,18.4,39%,1005.4 Hpa,070º (E ),7.2,0/8,-,-,CI,-,-,-,Clear
SABZEVAR,19/04/2007,18Z,17.8,49%,1006.2 Hpa,070º (E ),18.0,3/8,-,-,CI,-,-,-,Scattered clouds
SABZEVAR,19/04/2007,15Z,23.8,26%,1005.6 Hpa,260º (W ),14.4,1/8,-,-,CI,-,32.0,-,Few clouds
SABZEVAR,19/04/2007,12Z,31.0,18%,1004.8 Hpa,220º (SW),36.0,1/8,-,-,CI,-,-,-,Few clouds
SABZEVAR,19/04/2007,09Z,31.4,17%,1005.7 Hpa,220º (SW),32.4,2/8,1/8 CU,-,CI,-,-,-,Few clouds
SABZEVAR,19/04/2007,06Z,24.4,32%,1009.2 Hpa,060º (NE),28.8,0/8,-,-,-,-,-,-,Clear
SABZEVAR,19/04/2007,03Z,16.6,48%,1010.1 Hpa,060º (NE),28.8,0/8,-,-,-,-,-,15.2,Clear
SABZEVAR,19/04/2007,00Z,16.4,54%,1009.4 Hpa,060º (NE),18.0,0/8,-,-,-,-,-,-,Clear
SAFI-ABAD DEZFUL,19/04/2007,21Z,15.8,,1013.7 Hpa,270º (W ),18.0,0/8,-,-,-,-,-,-,Clear
SAFI-ABAD DEZFUL,19/04/2007,18Z,20.6,56%,1011.5 Hpa,270º (W ),18.0,0/8,-,-,-,-,-,-,Clear
SAFI-ABAD DEZFUL,19/04/2007,12Z,25.6,,-,270º (W ),18.0,8/8,-,-,-,-,-,-,Overcast
SAFI-ABAD DEZFUL,19/04/2007,09Z,26.0,48%,1010.5 Hpa,calm.,,8/8,3/8 CB,AC,,-,-,-,Overcast
SAFI-ABAD DEZFUL,19/04/2007,06Z,21.6,59%,1010.7 Hpa,calm.,,8/8,4/8 CB,AC,,-,-,-,Overcast
SAFI-ABAD DEZFUL,19/04/2007,00Z,21.4,52%,1008.3 Hpa,120º (SE),14.4,7/8,2/8 SC,AC,-,-,-,-,Cloudy
SAGHEZ,19/04/2007,21Z,5.0,76%,1011.0 Hpa,240º (SW),21.6,5/8,5/8 CB,-,-,-,-,-,"Cloudy, rain showers"
SAGHEZ,19/04/2007,18Z,9.0,45%,1008.7 Hpa,180º (S ),36.0,3/8,3/8 CB,-,-,-,-,-,Scattered clouds
SAGHEZ,19/04/2007,12Z,12.4,42%,1005.4 Hpa,210º (SW),54.0,5/8,5/8 CB,-,-,-,-,-,Cloudy
SAGHEZ,19/04/2007,09Z,11.4,48%,1006.1 Hpa,180º (S ),36.0,5/8,5/8 CB,-,-,-,-,-,Cloudy
SAGHEZ,19/04/2007,06Z,8.8,70%,1007.9 Hpa,180º (S ),18.0,7/8,7/8 CB,-,-,0.2(6h),-,-,"Cloudy, rain showers"
SAGHEZ,19/04/2007,00Z,9.4,70%,1003.2 Hpa,230º (SW),57.6,6/8,6/8 CB,AC,-,0.2,-,-,Cloudy
SANANDAJ,19/04/2007,21Z,8.6,46%,1010.2 Hpa,180º (S ),14.4,1/8,1/8 SC,-,-,-,-,-,Few clouds
SANANDAJ,19/04/2007,18Z,9.5,43%,1010.1 Hpa,200º (S ),10.8,1/8,1/8 SC,-,-,-,-,-,Few clouds
SANANDAJ,19/04/2007,12Z,,0%,1005.3 Hpa,190º (S ),39.6,4/8,4/8 CU,AC,-,-,-,-,"Scattered clouds, dust"
SANANDAJ,19/04/2007,09Z,16.8,35%,1004.3 Hpa,190º (S ),32.4,7/8,4/8 CB,AC,CI,-,-,-,"Cloudy, haze"
SANANDAJ,19/04/2007,00Z,12.2,47%,1005.3 Hpa,200º (S ),36.0,7/8,6/8 CB,AC,-,0.5(6h),-,-,"Cloudy, rain showers"
SARAB,19/04/2007,21Z,3.4,78%,1008.8 Hpa,260º (W ),28.8,3/8,3/8 CB,-,-,-,-,-,"Scattered clouds, rain showers"
SARAB,19/04/2007,18Z,7.4,47%,1006.9 Hpa,240º (SW),28.8,2/8,2/8 SC,-,-,-,-,-,Few clouds
SARAB,19/04/2007,12Z,12.2,33%,1003.2 Hpa,240º (SW),36.0,5/8,5/8 CB,-,CI,-,-,-,Cloudy
SARAB,19/04/2007,09Z,12.0,34%,1003.8 Hpa,270º (W ),36.0,5/8,3/8 CB,-,CI,-,-,-,Cloudy
SARAB,19/04/2007,00Z,2.8,57%,-,270º (W ),32.4,0/8,-,-,-,-,-,-,Clear
SARAKHS,19/04/2007,21Z,22.2,50%,1005.1 Hpa,310º (NW),32.4,2/8,2/8 SC,-,-,-,-,-,"Few clouds, dust"
SARAKHS,19/04/2007,18Z,25.6,44%,1003.7 Hpa,130º (SE),14.4,0/8,-,-,-,-,-,-,Clear
SARAKHS,19/04/2007,12Z,37.0,9%,1004.2 Hpa,120º (SE),18.0,0/8,-,-,-,-,-,-,Clear
SARAKHS,19/04/2007,09Z,35.2,15%,1007.1 Hpa,120º (SE),14.4,0/8,-,-,-,-,-,-,Clear
SARAKHS,19/04/2007,06Z,27.8,32%,1010.4 Hpa,calm.,,0/8,-,-,-,-,-,-,Clear
SARAKHS,19/04/2007,00Z,15.6,75%,1013.6 Hpa,calm.,,0/8,-,-,-,-,-,-,Clear
SARAVAN,19/04/2007,21Z,23.8,26%,1006.0 Hpa,calm.,,0/8,-,-,-,-,-,-,Clear
SARAVAN,19/04/2007,18Z,27.6,13%,1006.9 Hpa,190º (S ),14.4,0/8,-,-,-,-,-,-,Clear
SARAVAN,19/04/2007,12Z,34.0,5%,1006.1 Hpa,230º (SW),10.8,0/8,-,-,-,-,-,-,Clear
SARAVAN,19/04/2007,09Z,33.4,12%,1007.1 Hpa,210º (SW),18.0,0/8,-,-,-,-,-,-,Clear
SARAVAN,19/04/2007,00Z,19.8,24%,1006.8 Hpa,360º (N ),10.8,0/8,-,-,-,-,-,-,Clear
SEMNAN,19/04/2007,21Z,18.4,34%,1005.1 Hpa,240º (SW),10.8,2/8,-,-,CI,-,-,-,Few clouds
SEMNAN,19/04/2007,18Z,20.6,31%,1011.8 Hpa,300º (NW),14.4,7/8,2/8 SC,AC,-,-,-,-,Cloudy
SEMNAN,19/04/2007,12Z,25.8,18%,1003.9 Hpa,260º (W ),25.2,8/8,2/8 SC,-,CS,-,-,-,Overcast
SEMNAN,19/04/2007,09Z,25.4,17%,1004.9 Hpa,160º (S ),14.4,7/8,1/8 CU,-,CS,-,-,-,Cloudy
SEMNAN,19/04/2007,00Z,16.0,34%,1006.1 Hpa,calm.,,0/8,-,-,-,-,-,-,Clear
SHAHRE-KORD,19/04/2007,21Z,8.8,75%,1009.0 Hpa,calm.,,6/8,6/8 CB,-,-,-,-,-,Cloudy
SHAHRE-KORD,19/04/2007,18Z,10.2,68%,1010.3 Hpa,220º (SW),10.8,8/8,6/8 CB,AC,-,2.0(6h),-,-,"Overcast, rain showers"
SHAHRE-KORD,19/04/2007,12Z,12.2,66%,1012.5 Hpa,230º (SW),10.8,6/8,5/8 CB,AC,-,0.3(6h),-,-,"Cloudy, rain showers"
SHAHRE-KORD,19/04/2007,09Z,17.8,33%,1008.3 Hpa,240º (SW),43.2,4/8,4/8 CB,-,-,-,-,-,Scattered clouds
SHAHRE-KORD,19/04/2007,00Z,9.2,41%,1008.4 Hpa,calm.,,0/8,-,-,-,-,-,-,Clear
SHAHRUD,19/04/2007,21Z,18.0,34%,1003.2 Hpa,calm.,,0/8,-,-,-,-,-,-,Clear
SHAHRUD,19/04/2007,18Z,21.2,25%,1003.5 Hpa,210º (SW),14.4,6/8,4/8 SC,AC,-,-,-,-,Cloudy
SHAHRUD,19/04/2007,15Z,23.8,18%,1002.8 Hpa,270º (W ),18.0,8/8,4/8 CB,AC,,-,26.6,-,Overcast
SHAHRUD,19/04/2007,12Z,26.0,13%,1003.4 Hpa,270º (W ),25.2,6/8,3/8 CU,-,CI,-,-,-,Cloudy
SHAHRUD,19/04/2007,09Z,25.4,15%,1004.5 Hpa,210º (SW),28.8,4/8,2/8 SC,-,CI,-,-,-,Scattered clouds
SHAHRUD,19/04/2007,06Z,22.0,21%,1006.6 Hpa,220º (SW),7.2,4/8,1/8 SC,-,CI,-,-,-,Scattered clouds
SHAHRUD,19/04/2007,03Z,16.0,39%,1007.8 Hpa,calm.,,0/8,-,-,-,-,-,13.2,Clear
SHAHRUD,19/04/2007,00Z,14.6,45%,1007.1 Hpa,calm.,,0/8,-,-,-,-,-,-,Clear
SHIRAZ,19/04/2007,21Z,15.8,55%,1008.6 Hpa,calm.,,0/8,-,-,-,-,-,-,"Clear, dust"
SHIRAZ,19/04/2007,18Z,18.4,50%,1009.5 Hpa,150º (SE),7.2,0/8,-,-,-,-,-,-,"Clear, dust"
SHIRAZ,19/04/2007,15Z,23.4,28%,1009.3 Hpa,270º (W ),25.2,1/8,1/8 CU,-,-,-,26.4,-,"Few clouds, dust"
SHIRAZ,19/04/2007,12Z,26.0,22%,1009.0 Hpa,280º (W ),25.2,2/8,2/8 CU,-,-,-,-,-,"Few clouds, dust"
SHIRAZ,19/04/2007,09Z,24.0,36%,1009.5 Hpa,360º (N ),18.0,1/8,1/8 CU,-,-,-,-,-,"Few clouds, dust"
SHIRAZ,19/04/2007,06Z,19.4,54%,1011.5 Hpa,310º (NW),7.2,0/8,-,-,-,-,-,-,"Clear, dust"
SHIRAZ,19/04/2007,03Z,10.8,76%,1012.6 Hpa,calm.,,0/8,-,-,-,-,-,9.8,"Clear, dust"
SHIRAZ,19/04/2007,00Z,11.2,79%,1010.2 Hpa,calm.,,0/8,-,-,-,-,-,-,"Clear, dust"
SIRI ISLAND,19/04/2007,12Z,31.0,94%,1008.5 Hpa,270º (W ),21.6,0/8,-,-,-,-,-,-,"Clear, dust"
SIRI ISLAND,19/04/2007,09Z,31.2,38%,1010.2 Hpa,230º (SW),14.4,0/8,-,-,-,-,-,-,"Clear, haze"
SIRI ISLAND,19/04/2007,06Z,33.4,144%,1010.4 Hpa,300º (NW),25.2,0/8,-,-,-,-,-,-,Clear
SIRJAN,19/04/2007,21Z,15.0,50%,1006.9 Hpa,calm.,,0/8,-,-,-,-,-,-,Clear
SIRJAN,19/04/2007,18Z,19.6,36%,1006.5 Hpa,calm.,,0/8,-,-,-,-,-,-,Clear
SIRJAN,19/04/2007,12Z,27.4,15%,1006.0 Hpa,270º (W ),21.6,0/8,-,-,-,-,-,-,Clear
SIRJAN,19/04/2007,09Z,25.0,20%,1008.2 Hpa,240º (SW),14.4,0/8,-,-,-,-,-,-,Clear
TABAS,19/04/2007,21Z,26.6,15%,1002.8 Hpa,010º (N),18.0,3/8,1/8 SC,-,CI,-,-,-,"Scattered clouds, dust"
TABAS,19/04/2007,18Z,28.4,7%,1001.3 Hpa,090º (E ),14.4,0/8,-,-,-,-,-,-,Clear
TABAS,19/04/2007,12Z,34.4,9%,1002.3 Hpa,210º (SW),10.8,0/8,-,-,-,-,-,-,Clear
TABAS,19/04/2007,09Z,33.0,11%,1005.1 Hpa,calm.,,0/8,-,-,-,-,-,-,Clear
TABAS,19/04/2007,06Z,28.0,15%,1007.2 Hpa,220º (SW),10.8,0/8,-,-,-,-,-,-,Clear
TABAS,19/04/2007,00Z,21.4,27%,1004.8 Hpa,070º (E ),10.8,2/8,-,-,CI,-,-,-,Few clouds
TABRIZ,19/04/2007,21Z,5.8,71%,1009.4 Hpa,250º (W ),25.2,6/8,4/8 CB,AC,-,-,-,-,"Cloudy, mist"
TABRIZ,19/04/2007,18Z,8.6,65%,1007.2 Hpa,220º (SW),36.0,7/8,5/8 CB,AC,-,0.7(6h),-,-,"Cloudy, rain showers"
TABRIZ,19/04/2007,15Z,12.6,44%,1006.2 Hpa,180º (S ),18.0,4/8,4/8 CB,-,-,-,14.8,-,Scattered clouds
TABRIZ,19/04/2007,12Z,14.2,32%,1004.9 Hpa,220º (SW),28.8,4/8,4/8 CB,AC,CI,Tr(6h),-,-,Scattered clouds
TABRIZ,19/04/2007,09Z,11.8,42%,1006.9 Hpa,230º (SW),28.8,7/8,6/8 CB,AC,CI,-,-,-,"Cloudy, rain showers"
TABRIZ,19/04/2007,06Z,12.4,36%,1004.8 Hpa,210º (SW),21.6,5/8,3/8 CB,AC,CI,Tr(6h),61.6,-,"Cloudy, haze"
TABRIZ,19/04/2007,03Z,7.6,76%,1005.0 Hpa,330º (NW),7.2,3/8,2/8 SC,-,CI,-,-,7.4,"Scattered clouds, haze"
TABRIZ,19/04/2007,00Z,10.2,74%,1002.7 Hpa,220º (SW),7.2,7/8,4/8 CB,AC,CI,0.3(6h),-,-,"Cloudy, haze"
TEHRAN-MEHRABAD,19/04/2007,21Z,16.0,52%,1006.1 Hpa,calm.,,4/8,1/8 SC,AC,-,-,-,-,Scattered clouds
TEHRAN-MEHRABAD,19/04/2007,18Z,16.8,50%,1006.2 Hpa,340º (N ),10.8,3/8,2/8 SC,AC,-,-,-,-,Scattered clouds
TEHRAN-MEHRABAD,19/04/2007,15Z,19.4,45%,1005.9 Hpa,270º (W ),21.6,6/8,4/8 CB,AC,-,-,22.4,-,Cloudy
TEHRAN-MEHRABAD,19/04/2007,12Z,21.4,39%,1004.7 Hpa,270º (W ),28.8,8/8,4/8 CB,AC,,-,-,-,Overcast
TEHRAN-MEHRABAD,19/04/2007,09Z,20.6,42%,1005.4 Hpa,270º (W ),28.8,8/8,4/8 CB,AC,,-,-,-,"Overcast, dust"
TEHRAN-MEHRABAD,19/04/2007,06Z,21.0,30%,1005.7 Hpa,120º (SE),7.2,7/8,4/8 CB,AC,-,Tr(24h),-,-,"Cloudy, haze"
TEHRAN-MEHRABAD,19/04/2007,03Z,,0%,1004.6 Hpa,010º (N),345.6,1/8,3/8 CB,AC,-,-,-,18.8,"Few clouds, haze"
TEHRAN-MEHRABAD,19/04/2007,00Z,19.4,36%,1004.5 Hpa,040º (NE),7.2,7/8,3/8 CB,AC,-,-,-,-,Cloudy
TORBAT-HEYDARIEH,19/04/2007,21Z,17.2,31%,1002.2 Hpa,calm.,,0/8,-,-,-,-,-,-,Clear
TORBAT-HEYDARIEH,19/04/2007,18Z,16.8,33%,1004.4 Hpa,340º (N ),18.0,0/8,-,-,-,-,-,-,Clear
TORBAT-HEYDARIEH,19/04/2007,15Z,25.6,18%,1003.7 Hpa,180º (S ),18.0,1/8,1/8 SC,-,-,-,28.5,-,Few clouds
TORBAT-HEYDARIEH,19/04/2007,12Z,28.4,16%,1003.9 Hpa,150º (SE),7.2,1/8,1/8 CU,-,-,-,-,-,Few clouds
TORBAT-HEYDARIEH,19/04/2007,09Z,27.0,19%,1005.8 Hpa,170º (S ),25.2,0/8,-,-,-,-,-,-,Clear
TORBAT-HEYDARIEH,19/04/2007,06Z,22.6,31%,1008.7 Hpa,090º (E ),14.4,0/8,-,-,-,-,-,-,Clear
TORBAT-HEYDARIEH,19/04/2007,03Z,12.0,67%,1011.0 Hpa,calm.,,0/8,-,-,-,-,-,9.8,Clear
TORBAT-HEYDARIEH,19/04/2007,00Z,11.2,64%,1009.9 Hpa,330º (NW),7.2,0/8,-,-,-,-,-,-,Clear
YASOGE,19/04/2007,21Z,16.0,42%,1010.4 Hpa,calm.,,2/8,2/8 SC,-,-,-,-,-,"Few clouds, dust"
YASOGE,19/04/2007,18Z,17.0,39%,1010.7 Hpa,calm.,,3/8,3/8 SC,-,-,-,-,-,"Scattered clouds, dust"
YASOGE,19/04/2007,12Z,22.0,23%,1012.3 Hpa,220º (SW),36.0,3/8,3/8 SC,-,-,-,-,-,"Scattered clouds, dust"
YASOGE,19/04/2007,09Z,22.0,17%,1013.2 Hpa,220º (SW),25.2,1/8,1/8 CU,-,-,-,-,-,"Few clouds, dust"
YASOGE,19/04/2007,00Z,8.2,70%,1013.8 Hpa,calm.,,0/8,-,-,-,-,-,-,Clear
YAZD,19/04/2007,21Z,20.3,29%,1006.1 Hpa,280º (W ),7.2,0/8,-,-,-,-,-,-,Clear
YAZD,19/04/2007,18Z,24.4,19%,1005.8 Hpa,300º (NW),7.2,0/8,-,-,-,-,-,-,Clear
YAZD,19/04/2007,15Z,26.6,16%,995.7 Hpa,240º (SW),18.0,1/8,1/8 CU,-,-,-,29.4,-,Few clouds
YAZD,19/04/2007,12Z,30.6,6%,1004.0 Hpa,200º (S ),32.4,0/8,-,-,-,-,-,-,"Clear, dust"
YAZD,19/04/2007,09Z,29.0,6%,1005.8 Hpa,090º (E ),7.2,0/8,-,-,-,-,-,-,"Clear, haze"
YAZD,19/04/2007,06Z,25.4,9%,1008.7 Hpa,140º (SE),10.8,0/8,-,-,-,-,-,-,Clear
YAZD,19/04/2007,03Z,17.0,21%,1009.2 Hpa,110º (E ),7.2,0/8,-,-,-,-,-,14.2,Clear
YAZD,19/04/2007,00Z,17.8,18%,1007.5 Hpa,calm.,,0/8,-,-,-,-,-,-,Clear
ZABOL,19/04/2007,21Z,23.4,42%,1003.7 Hpa,240º (SW),10.8,0/8,-,-,-,-,-,-,Clear
ZABOL,19/04/2007,18Z,25.2,41%,1003.8 Hpa,calm.,,0/8,-,-,-,-,-,-,Clear
ZABOL,19/04/2007,12Z,37.4,12%,1004.5 Hpa,calm.,,0/8,-,-,-,-,-,-,Clear
ZABOL,19/04/2007,09Z,36.0,17%,1007.6 Hpa,calm.,,0/8,-,-,-,-,-,-,Clear
ZABOL,19/04/2007,06Z,29.0,21%,1010.3 Hpa,050º (NE),10.8,0/8,-,-,-,-,-,-,Clear
ZABOL,19/04/2007,00Z,22.4,42%,1006.9 Hpa,360º (N ),14.4,0/8,-,-,-,-,-,-,Clear
ZAHEDAN,19/04/2007,21Z,19.4,16%,1004.1 Hpa,160º (S ),10.8,0/8,-,-,-,-,-,-,Clear
ZAHEDAN,19/04/2007,18Z,23.4,12%,1004.1 Hpa,090º (E ),14.4,0/8,-,-,-,-,-,-,Clear
ZAHEDAN,19/04/2007,15Z,29.2,8%,1003.4 Hpa,230º (SW),36.0,1/8,1/8 SC,-,-,-,33.8,-,Few clouds
ZAHEDAN,19/04/2007,12Z,33.2,10%,1003.0 Hpa,320º (NW),10.8,3/8,3/8 CB,-,-,-,-,-,Scattered clouds
ZAHEDAN,19/04/2007,09Z,30.8,10%,1005.6 Hpa,130º (SE),10.8,2/8,1/8 CU,-,-,-,-,-,"Few clouds, dust"
ZAHEDAN,19/04/2007,06Z,28.8,15%,1007.7 Hpa,calm.,,0/8,-,-,-,-,-,-,"Clear, dust"
ZAHEDAN,19/04/2007,03Z,18.9,24%,1008.0 Hpa,calm.,,0/8,-,-,-,-,-,13.4,Clear
ZAHEDAN,19/04/2007,00Z,14.5,29%,1007.0 Hpa,calm.,,0/8,-,-,-,-,-,-,Clear
ZANJAN,19/04/2007,21Z,8.1,45%,1008.2 Hpa,calm.,,5/8,5/8 SC,-,-,-,-,-,Cloudy
ZANJAN,19/04/2007,18Z,10.8,31%,1007.3 Hpa,290º (W ),18.0,2/8,2/8 SC,-,-,-,-,-,Few clouds
ZANJAN,19/04/2007,15Z,13.6,22%,1004.7 Hpa,220º (SW),21.6,3/8,3/8 CB,AC,-,-,15.6,-,Scattered clouds
ZANJAN,19/04/2007,12Z,14.6,34%,1003.9 Hpa,240º (SW),25.2,6/8,5/8 CB,AC,-,0.6(6h),-,-,Cloudy
ZANJAN,19/04/2007,09Z,13.6,39%,1004.4 Hpa,180º (S ),21.6,7/8,7/8 CB,-,-,-,-,-,"Cloudy, rain showers"
ZANJAN,19/04/2007,06Z,11.2,77%,1007.2 Hpa,170º (S ),21.6,7/8,4/8 CB,AC,-,0.1(6h),-,-,"Cloudy, haze"
ZANJAN,19/04/2007,03Z,9.0,66%,1006.5 Hpa,200º (S ),18.0,8/8,4/8 SC,AC,,-,-,8.0,Overcast
ZANJAN,19/04/2007,00Z,9.8,69%,1006.0 Hpa,190º (S ),36.0,6/8,6/8 CB,-,-,Tr(6h),-,-,"Cloudy, rain showers"
